Name,Category
00ce768a8138c780.jpg,Architecture
00a0c5ea5b4f3989.jpg,Architecture
00e194d3c0fd8930.jpg,Nature
0a1a83baada2c980.jpg,Food
00cc8d22e4dda41d.jpg,Food
00b6654f37f1f655.jpg,Nature
00a7e701513637f3.jpg,Nature
00cca80fa3aa5b1b.jpg,Nature
00af791d51628542.jpg,Clothing
000a017e2b7063a7.jpg,Adventure
0a5b90cee67825ab.jpg,Food
00a99c2260adb717.jpg,Architecture
00c2db0fd32a0f2b.jpg,Architecture
00c37dc70d8f99ff.jpg,Beach
00c646245b319944.jpg,Adventure
00c2f730d2f44390.jpg,Food
0aa1cc57022a5f64.jpg,Adventure
0a4491cb52b6bbae.jpg,Architecture
0b2b3c70fc932a29.jpg,Architecture
0b02ce58e075aac1.jpg,Architecture
0ab80403286ef8cd.jpg,Nature
00cec5b9044323ca.jpg,Adventure
00b01c5b231e0853.jpg,Architecture
00caaabba2ab255e.jpg,Nature
0a1b133358b1ce7e.jpg,Architecture
00cf98476d5c76a4.jpg,Food
00b2493f0d5b8501.jpg,Food
0a6b1ead3def6ed8.jpg,Architecture
0a4bcc3cc7630547.jpg,Food
000f18da4c446aab.jpg,Food
0a23df4b6f448339.jpg,Architecture
0a0af2d7a6a47564.jpg,Nature
0a0e21e69217f83f.jpg,Architecture
00d8d8a2fe276b66.jpg,Architecture
00ae9e06200fd476.jpg,Nature
00a44dc6f7b7e8da.jpg,Architecture
0a50de9d83760958.jpg,Architecture
000d6aba3b0af069.jpg,Architecture
0af0823283461fd5.jpg,Architecture
0000d67245642c5f.jpg,Adventure
00c9df88b4cafdd7.jpg,Architecture
00b452f07273b555.jpg,Architecture
0a7aa2105f4fd102.jpg,Architecture
0ab7dec6b7126f97.jpg,Architecture
0aa3e823c92a41fe.jpg,Architecture
00caf762535ab020.jpg,Clothing
00d3ef1c8cbca06f.jpg,Architecture
0add150db0dcd4e2.jpg,Nature
0ae4592599b6392d.jpg,Nature
0af80fe4eac726b4.jpg,Architecture
00aaab0957a2f14d.jpg,Architecture
00cb389da529ba46.jpg,Adventure
0a9e166c53077966.jpg,Nature
00b4f59578b53599.jpg,Nature
00b82a370e0157c5.jpg,Food
00ba61f8cfacadd4.jpg,Nature
00ae3a33d8af4b33.jpg,Architecture
000b39037205b35d.jpg,Food
0b54285de22a8d98.jpg,Food
0a0c54875010ccb1.jpg,Architecture
0bb541d831c8c795.jpg,Food
0bbef3ee5fb3fb79.jpg,Food
0a307a7fcaa40ebd.jpg,Food
00d707ca12ebff5a.jpg,Food
0d4fe6fb4e596015.jpg,Food
0bebebf48acb4376.jpg,Food
0c0f3cde17d19338.jpg,Food
0be4786e4b22731a.jpg,Food
0c111491937b45ca.jpg,Food
0c65a92b784a8e6c.jpg,Food
0c237900f4a2e85b.jpg,Food
0be05cfdb62c6cd6.jpg,Food
0cfd3d79d163c6ee.jpg,Food
000fbd342baaadd3.jpg,Nature
0bb8df5347de3037.jpg,Food
00bc9b1755666e9f.jpg,Food
0b1d64fd0def63a5.jpg,Food
0c8ee018bf618ca7.jpg,Food
0c5af399a690398d.jpg,Food
0cef58212facf8b4.jpg,Food
00b1907ffd004851.jpg,Food
00b2ee921120d1a0.jpg,Nature
00dbd5dff10261ab.jpg,Nature
00c689b1bb4ae4a0.jpg,Nature
00ab9f96dbd14fab.jpg,Architecture
00bbf04e4c98bc11.jpg,Architecture
0a99b9a7f26038b3.jpg,Architecture
00c4de6e6d3fd111.jpg,Architecture
00b0508b8267915e.jpg,Architecture
0ab113d8852dddd7.jpg,Architecture
